<?xml version="1.0" encoding="UTF-8" ?>
<!DOCTYPE mapper
        PUBLIC "-//mybatis.org//DTD Mapper 3.0//EN"
        "http://mybatis.org/dtd/mybatis-3-mapper.dtd">
<mapper namespace="com.team.iot.test.Mapper.OrderMapper">
    <select id="queryOrderList"      resultType="com.team.iot.test.pojo.order">
        select * from `order`;
    </select>
    <select id="queryOrderById" parameterType="java.lang.Integer" resultType="com.team.iot.test.pojo.order">
        select * from `order` where id = #{id};
    </select>
    <insert id="addOrder" parameterType="com.team.iot.test.pojo.order" >
        insert into `order` (id,name,code,id_card,sent,state) values (#{id},#{name},#{code},#{id_card},#{sent},#{state});
    </insert>
    <update id="updateOrder" parameterType="com.team.iot.test.pojo.order" >
        update `order` set  name = #{name} where id = #{id}
    </update>
    <delete id="deleteOrder" parameterType="java.lang.String">
        delete from `order` where name =#{name}
    </delete>
</mapper>